date_found,category,competitor,relevance_score,action_flag,summary,title,url,source
2026-04-27,industry_trend,,3,False,"This appears to be an industry analysis article about operational resilience in the fitness industry. Without access to the full content, it likely discusses how fitness businesses can build resilience through technology, operations, and business model adaptations. This is relevant to TeamBuildr OS as operational resilience is a key value proposition for gym management software.",Operational resilience in the modern fitness industry - The Business Standard,https://news.google.com/rss/articles/CBMilAFBVV95cUxQdEFHbzZlcm1aN2dxd2dER3VpdTRVR2MtV0dHQmRBZ280NDVTQ0dkYnIxOEhzdFV2MlBUR0FpRDNxX3ZKbXE3WG5wTThKVS1ha0drZkxIbDlKM0thaGJ6c0JRT2hPMnNkSnlqQmRLNzVwdWh4dTNYeUVPNTN3eEhsME1HdS03WWZYWjhLZ01GLW5QdGM30gGUAUFVX3lxTFB0QUdvNmVybVo3Z3F3Z0RHdWl1NFVHYy1XR0dCZEFnbzQ0NVNDR2RicjE4SHN0VXYyUFRHQWlEM3FfdkptcTdYbnBNOEpVLWFrR2tmTEhsOUozS2FoYnpzQlFPaE8yc2RKeWpCZEs3NXB1aHh1M1h5RU81M3d4SGwwTUd1LTdZZlhaOEtnTUYtblB0Yzc?oc=5,The Business Standard
2026-04-27,industry_trend,Anytime Fitness,3,False,"Anytime Fitness is piloting a self-employed trainer model in London, allowing independent trainers to operate within their franchise locations. This represents a shift toward more flexible trainer employment models in the fitness industry, which could influence how independent gyms structure their coaching relationships and revenue sharing.",Anytime Fitness Adds Self-Employed Trainer Model in London - Athletech News,https://news.google.com/rss/articles/CBMijgFBVV95cUxPYkRwWk5rNkZpSjN2R2JqdHJucUsySHdCd25nV0l4aG5NM0xEZmZGem04dk5VNVRQb25DWVZRNndYTGVhWDRfQ0J3aFpaUGg1Zzd6M3FzQTFvZlY3Z0M1dzRNQU56WXZxUjh1XzZHNEZlalNEMVBVWjZLY0tBX0k2S19YMkE4c3lCMjZTUmxn?oc=5,Athletech News
2026-04-27,feature_launch,Hapana,3,False,"Hapana has launched a rebuilt platform claiming to set a new standard for fitness technology. Without more details on specific features, this appears to be a platform refresh or major update from a fitness technology company. This is worth monitoring to understand what new capabilities they're introducing and how they might compete in the gym management space.","Looking to set a new standard for fitness technology, Hapana launches rebuilt platform - Australasian Leisure Management Magazine",https://news.google.com/rss/articles/CBMivAFBVV95cUxQa3VKUEUxVlhTWUN1RElPRGZpd1ZUNGhfdGpKYTF5QTcwdFZrSzJPNjFBaDBXZHFmSTJvMWtvQ0FocFBodkJJS0NNUXlXMXVPRko2SGFsZW4ySncxSS04X2lHTUJMdG0xVzRWWWhxMzNtc3Z0V096YmVLbFdObGM4WFpXYnFETHY3YlU3blZ6a1ROZ0d5NU5VUzFsRWo2REYyYWhmdTRidjRaM015T0QxVnVTUFgxd1NxX2ZCdw?oc=5,Australasian Leisure Management Magazine
2026-04-27,industry_trend,,3,False,"Ladder, a fitness supplement company, has signed actress Hilary Duff as a spokesperson to promote strength training as the new fitness standard. This reflects a broader industry trend toward strength training becoming more mainstream, which could benefit gyms that offer strength-focused programming. The celebrity endorsement indicates significant marketing investment in promoting strength training to wider audiences.",Ladder Signs Hilary Duff to Push Strength Training as the New Fitness Standard - DesignRush,https://news.google.com/rss/articles/CBMifkFVX3lxTE1VQW5lRVc4X0IxM0xKMFJrQTZMdS1YRzBiQWpZaWFIb2tPSDFFcG1UZGZwT0pQNXZ2bmE3SmVYWW9vY2xpaTdNWnVqSHBwVm92MFI2TFJJS0w5dlFkZGg1RDVreVNJeTRkMXhSaE1IRHRKQ01mR0xfMkJPaTU3Zw?oc=5,DesignRush
2026-04-27,industry_trend,,3,False,"The article discusses partnerships in the fitness wearable space, which is relevant to gym software companies as wearable integrations are becoming standard expectations for fitness tracking and member engagement. This trend impacts how gym management platforms need to consider data integration capabilities and member experience features.",Fitness Wearable Partnerships - Trend Hunter,https://news.google.com/rss/articles/CBMiZ0FVX3lxTFBHZVlVTHR2ZzVaSTZ3dXVQai1kdXBqWWdTOGNVY2ctd2lkSHQ2NGJpTFp3UlhQeGl6UU1VODdmaEx3OU42NldCQ2tfRTFHOFd6UGJ2aV9vWlFNMWh0VDFrQ1BYVlphY2vSAWxBVV95cUxQWEtDM1pITks0a1EzaThrNGJpUG5ZZURJUnZhcXY0N3ZtVFdfSHJoeGUtV3RsYzlCZWEyZ3lDQ2ZURUVwaEFNUlZUd2dDN3lXdVl0TzZYcEJoUTlyZ3JHaEZiZVRUazczblhKOHI?oc=5,Trend Hunter
2026-04-27,industry_trend,,3,False,"A Texas Tech Health Sciences Center study found that cardiorespiratory fitness in midlife is a strong predictor of healthy aging. This research supports the growing body of evidence that regular exercise and fitness training are crucial for long-term health outcomes, which aligns with the value proposition that gyms and fitness coaches provide to their members.",Texas Tech HSC study shows midlife cardiorespiratory fitness predicts how well we age - Lubbock Avalanche-Journal,https://news.google.com/rss/articles/CBMi3wFBVV95cUxOU2FRQ1g1eWhRMkgtdFM1T3VsUWJsY2RqZTEzeFQ4RmdwUzduRVltd0czVlIzUE9wOWJDQzA2OTVUM0p3dnpIZEdLb2F4UFMxcG9tb1l4MUh2bzJXaTU2RE8tMGJLMVRnV1BIc2pDQTFWQ00yY2lTS3U5b2R5UjFsSENHR3M1ejNaRHVWRnFTTWFfc0JLcnJVMWVwZ3lNcVkwOC1PSlA1cTk0RHpvMHZPLVlrUmF5OU5XUldxNWNqWmVJSDUwWjlqMDNKcFpfa2Jzb09VdW90TnRUcklZdkhN?oc=5,Lubbock Avalanche-Journal
2026-04-27,industry_trend,,3,False,Article discusses operational resilience trends in the modern fitness industry. This appears to be a general industry analysis piece covering how fitness businesses can build resilience in their operations. The topic is relevant to TeamBuildr OS's target market of independent gym owners who need robust operational systems.,Operational resilience in the modern fitness industry - The Business Standard,https://news.google.com/rss/articles/CBMilAFBVV95cUxQdEFHbzZlcm1aN2dxd2dER3VpdTRVR2MtV0dHQmRBZ280NDVTQ0dkYnIxOEhzdFV2MlBUR0FpRDNxX3ZKbXE3WG5wTThKVS1ha0drZkxIbDlKM0thaGJ6c0JRT2hPMnNkSnlqQmRLNzVwdWh4dTNYeUVPNTN3eEhsME1HdS03WWZYWjhLZ01GLW5QdGM30gGUAUFVX3lxTFB0QUdvNmVybVo3Z3F3Z0RHdWl1NFVHYy1XR0dCZEFnbzQ0NVNDR2RicjE4SHN0VXYyUFRHQWlEM3FfdkptcTdYbnBNOEpVLWFrR2tmTEhsOUozS2FoYnpzQlFPaE8yc2RKeWpCZEs3NXB1aHh1M1h5RU81M3d4SGwwTUd1LTdZZlhaOEtnTUYtblB0Yzc?oc=5,The Business Standard
2026-04-27,industry_trend,Anytime Fitness,3,False,"Anytime Fitness is piloting a self-employed trainer model in London, allowing independent trainers to operate within their franchise locations. This represents a shift toward more flexible trainer employment models that could impact how gyms structure their coaching services and revenue sharing.",Anytime Fitness Adds Self-Employed Trainer Model in London - Athletech News,https://news.google.com/rss/articles/CBMijgFBVV95cUxPYkRwWk5rNkZpSjN2R2JqdHJucUsySHdCd25nV0l4aG5NM0xEZmZGem04dk5VNVRQb25DWVZRNndYTGVhWDRfQ0J3aFpaUGg1Zzd6M3FzQTFvZlY3Z0M1dzRNQU56WXZxUjh1XzZHNEZlalNEMVBVWjZLY0tBX0k2S19YMkE4c3lCMjZTUmxn?oc=5,Athletech News
2026-04-27,new_entrant,Hapana,3,False,"Hapana has launched a rebuilt fitness technology platform claiming to set new industry standards. As a fitness tech company launching a new platform, this represents potential competitive activity in the gym management software space. However, without more details about their specific target market or feature set, the direct impact on TeamBuildr's single-location gym focus is unclear.","Looking to set a new standard for fitness technology, Hapana launches rebuilt platform - Australasian Leisure Management Magazine",https://news.google.com/rss/articles/CBMivAFBVV95cUxQa3VKUEUxVlhTWUN1RElPRGZpd1ZUNGhfdGpKYTF5QTcwdFZrSzJPNjFBaDBXZHFmSTJvMWtvQ0FocFBodkJJS0NNUXlXMXVPRko2SGFsZW4ySncxSS04X2lHTUJMdG0xVzRWWWhxMzNtc3Z0V096YmVLbFdObGM4WFpXYnFETHY3YlU3blZ6a1ROZ0d5NU5VUzFsRWo2REYyYWhmdTRidjRaM015T0QxVnVTUFgxd1NxX2ZCdw?oc=5,Australasian Leisure Management Magazine
2026-04-27,industry_trend,,3,False,"The article discusses trends in fitness wearable partnerships, which relates to the broader fitness technology ecosystem. While wearable integrations can be valuable for gym management software platforms, this appears to be a general trend piece rather than specific competitive activity that directly impacts TeamBuildr's market position.",Fitness Wearable Partnerships - Trend Hunter,https://news.google.com/rss/articles/CBMiZ0FVX3lxTFBHZVlVTHR2ZzVaSTZ3dXVQai1kdXBqWWdTOGNVY2ctd2lkSHQ2NGJpTFp3UlhQeGl6UU1VODdmaEx3OU42NldCQ2tfRTFHOFd6UGJ2aV9vWlFNMWh0VDFrQ1BYVlphY2vSAWxBVV95cUxQWEtDM1pITks0a1EzaThrNGJpUG5ZZURJUnZhcXY0N3ZtVFdfSHJoeGUtV3RsYzlCZWEyZ3lDQ2ZURUVwaEFNUlZUd2dDN3lXdVl0TzZYcEJoUTlyZ3JHaEZiZVRUazczblhKOHI?oc=5,Trend Hunter
2026-04-27,industry_trend,,3,False,A Texas Tech Health Sciences Center study found that midlife cardiorespiratory fitness is a strong predictor of healthy aging. This research supports the value proposition of fitness facilities and training programs that focus on cardiovascular health for middle-aged adults. The findings could be useful for TeamBuildr OS clients when marketing their services to the 40+ demographic.,Texas Tech HSC study shows midlife cardiorespiratory fitness predicts how well we age - Lubbock Avalanche-Journal,https://news.google.com/rss/articles/CBMi3wFBVV95cUxOU2FRQ1g1eWhRMkgtdFM1T3VsUWJsY2RqZTEzeFQ4RmdwUzduRVltd0czVlIzUE9wOWJDQzA2OTVUM0p3dnpIZEdLb2F4UFMxcG9tb1l4MUh2bzJXaTU2RE8tMGJLMVRnV1BIc2pDQTFWQ00yY2lTS3U5b2R5UjFsSENHR3M1ejNaRHVWRnFTTWFfc0JLcnJVMWVwZ3lNcVkwOC1PSlA1cTk0RHpvMHZPLVlrUmF5OU5XUldxNWNqWmVJSDUwWjlqMDNKcFpfa2Jzb09VdW90TnRUcklZdkhN?oc=5,Lubbock Avalanche-Journal
2026-04-27,industry_trend,,3,False,"A personal story about how wearable technology and fitness apps helped someone maintain workout consistency. This reflects the broader trend of consumers increasingly relying on technology for fitness motivation and tracking, which impacts how gym members expect to interact with fitness services.",How wearable tech and fitness apps helped me stay consistent - Yahoo Creators,https://news.google.com/rss/articles/CBMiugFBVV95cUxPZy1UMUs5YndzdzV5eW5vTzlQVTZMUmpHcVNRWHBObXRRNlJid2lrODVUYW5rN2ZBSzNFQTFvMXkxNHQtNjh3MEdHWkNOY1p2b0ZxNmItYXdnSFZsODNpdk01OWFvdGJRWFJOMnlXVjlBcGw5ZHExUFRkcE42RXBEYUo5ekxHeG5VQWVNdUs5dWUwbmMxWjF5NU04d3RCVXFJYnllZ1BMNUVIbzkwYXBSVnZDYjJ2aUM3S2c?oc=5,Yahoo Creators
2026-04-27,industry_trend,,3,False,"Data from PapersOwl indicates that fitness is becoming increasingly integrated into Gen Z's daily routines. This trend suggests a growing market of younger consumers who prioritize regular fitness activities, which could represent an expanding customer base for independent gyms and fitness studios that cater to this demographic.",PapersOwl Data Shows Fitness Becoming Part of Daily Life for Gen Z - StreetInsider,https://news.google.com/rss/articles/CBMiwgFBVV95cUxNZ1RjR3Zyc3VaY1M0eXhPQkFiR1hVbWlEZTRjdzlhaEFqYTdzTkZ1VHJpMXlKUkNXNlNLVjg1NzhCbUFTRkY5M0xjUGlUalNlQmU2c3d1VEZRNmtIYVFSOVNLSUFBVkliU3ctUlk0ZnR1OGliOWlxOFZSTFFVSk1lek9LUnVqMElsX0JVUVdaQTNaZGZxQ25wcHN3azZOMFZqRm04bVVsQzE4MlZjWjlxSDd3TGlmVzNVaVRYdTZIbkhXUQ?oc=5,StreetInsider
2026-04-27,industry_trend,,3,False,"Premium fitness clubs are evolving their approach to muscle building, recovery, and overall health programming. This trend toward more comprehensive wellness services at high-end facilities could influence member expectations and service offerings across the fitness industry, including smaller independent gyms that TeamBuildr serves.","How Premium Fitness Clubs Are Redefining Muscle, Recovery & Health - Muscle & Fitness",https://news.google.com/rss/articles/CBMitwFBVV95cUxPaGJYTmRzRlFUeWRkWENQeVF6YzdJWDBlaFBoRGNyb1BYVlZLdVNtY09BUXphV0JCOVR5VkhDdGlPRXNTa0pycG1yM1h0WWdEcVQ4eTlrMmN3dnpuUllyZGd0RUJXQ0JacjZvZ0lqYURNUTNCNlhhckFIZVNoOXUzQXQybE0yVzVJY2tyT0p0R2tabVFHbVo4Sk1mTjM3eTdUNURkZWhzWW5GSHR1T0lUcmtDcnFERGM?oc=5,Muscle & Fitness
2026-04-27,industry_trend,,3,False,"European gym membership is projected to reach nearly 100 million by 2030, indicating continued growth in the fitness industry market. This represents a positive trend for gym operators and software providers serving the fitness market, suggesting expanding opportunities for gym management platforms like TeamBuildr OS.",European Gym Membership Climbs Toward 100M by 2030 - Fitt Insider,https://news.google.com/rss/articles/CBMiaEFVX3lxTFByd1pfdHpTLUo2eHBvNDJWTzQzZDN2dU93NVJ3azFidGZodk1Qc1dVYXRSRHowSDFXQ1dIdlRTV2RXNDlNREUyXzdOVHcxODdyT2NoSTAyMFJuWktiLXhYbzJZYnFrcWw3?oc=5,Fitt Insider
2026-04-27,industry_trend,,4,True,"Run clubs are becoming increasingly popular among young men as a social alternative to bars and traditional nightlife. This trend represents a shift toward fitness-based social activities, which could drive increased interest in group fitness programs and community-building features at gyms. This social fitness movement directly aligns with the types of programming that TeamBuildr's target gyms often offer.","Run Clubs Are Replacing Bars for Young Men, Here’s Why Everyone Is Joining - AOL.com",https://news.google.com/rss/articles/CBMigAFBVV95cUxPVEdEdnlvWXl5LXBnQ0k5Snl0WlJmdWl2VThtdVBWSGpobWNtc3dHUmtFR1U0UE41V2VTYk85M21JaUFaVEh0dWxLeXZuemdqSkM2MEM2WmNIYjR5d3BEejBTUkF2R2V0NVN1M3RfM0NxbnJPRmhrQlY0N0NTODRZQw?oc=5,AOL.com
2026-04-27,industry_trend,,3,False,"Europe's fitness market reportedly broke records in 2025, indicating strong growth and expansion in the European fitness industry. This suggests a growing market opportunity for gym management software providers like TeamBuildr OS, particularly if they consider international expansion or serving European-based fitness businesses.",Report: Europe’s fitness market breaks records in 2025 - Sporting Goods Intelligence Europe,https://news.google.com/rss/articles/CBMipAFBVV95cUxQSkFPeWhzb19MT19yRVRpSThIQVRxUmlXU1U1Z3NESmFTMEktcmNHMkh2UG5KeU82VTVwTUhnbEJEam1zTVhYdEh5UGYzTXBsQXBFMDI1YlFJN0JadHBNOEVQbVZWeEhqX3NpQWtZdUF1enNrS0N0QW5lVU5GUmdKXzlkT2xNbEl1OUhWbS1WbldsY2xnX3lLSTNkOW5jc1BGU0thNQ?oc=5,Sporting Goods Intelligence Europe
2026-04-27,industry_trend,,3,False,"Gen Z is moving away from traditional nightlife activities like bars and clubs, potentially indicating a broader lifestyle shift toward health and wellness activities. This trend could represent an opportunity for fitness businesses as younger consumers seek alternative social and recreational outlets that align with healthier lifestyles.","Why Gen Z Is Ditching Bars, Clubs, and Booze - vocal.media",https://news.google.com/rss/articles/CBMidEFVX3lxTE4xY2gweElmYWt6RklOZ3BZWi1ZNVU5VzV4UFFRa2l6SWlzZDFYSk1HcW0tQUdDYnpFbXFYM0ZLVkFqS3J3Q3NwamtGNWl3bEJfOHR5YzA4di1Wd0NiSFpkWkxFYTZlY0Q4UVZqT2pKaTk5VGR0?oc=5,vocal.media
2026-04-27,industry_trend,,3,False,"The article discusses how fitness clubs are increasingly becoming anchor tenants in real estate developments, similar to traditional retail anchors. This trend indicates the growing importance and stability of the fitness industry in commercial real estate, which could benefit independent gym owners by providing more location opportunities and potentially better lease terms.",Why fitness clubs are becoming the new anchor assets in real estate - The Times of India,https://news.google.com/rss/articles/CBMi3wFBVV95cUxOOFU1YnpNZFZkMTRScFc4UkhOR2dsYjRCSnd0UTgzWWhhNUFGX2YzRl93cUxFSG1nUHlrRThacU5BLTcyOE5kWnd0c1NSb2NfQ2ZlTWRTZk5xYXVlV3FsTGNaQTUzUTFZLXRHMGxjdkQ4dGlsdlZTalg2bVMxOXgxbFloX051THZYOUFYOFFINTJTQl9PZmVIUGg0bUlZbG04OUJsZk84TU5OX1Q1YXdER2F1VDNWOGU3ZGxxc0U3Z3Z2ZndsbXZaVEp2c0NCU1gzOXFBeFlWU3ItS3JCbXFj0gHkAUFVX3lxTE5lTTItSEZ4aW5CcEFTWDZVR0pJLTZiclUzVVZFX0p6TFVhZGlCZ1pMNFlQWURsOVREX3RGaXlGV0o5Rmk4NHZWSlgxM0RHVGRMdmlreHJLOHJnSHdTa0RzdzZqVW9DT0d4cFdhWFhXVzdjNGJLc1JtcVd5eHQtTDVESTVPQ1NxbDRnTjY3ZWhOWlVoS3owSmh1Y3M2WTlKS1JMc1B3N3QyYjF5NXRheURMeWc3NHlHSm4tTmxpZkRwZnVPa2NpTW5zUEZnbVFKa0ZMTUUtOWJsci1jSDdkWUpmeTBGQg?oc=5,The Times of India
2026-04-27,partnership,Your Personal Training,3,False,"Your Personal Training has secured a partnership deal with Anytime Fitness, a large franchise gym chain. This partnership could potentially give Your Personal Training access to Anytime Fitness's extensive network of locations and members, which may strengthen their position in the personal training software market.",Your Personal Training secures partnership deal with Anytime Fitness - Well Nation,https://news.google.com/rss/articles/CBMisAFBVV95cUxPVjd3X1R5aUNpX2trT2VTWVNFc1hJMjZILWVQUFpObXRxNzRfcUpNRUo3bENyYXoxekhhZ3JmckM3Yk9rWkVUemhFUDBuVDdVeTZBaXg3RzFsLWR3ZDAtU0xTRF9seUZZOHNnOEVBLUp2WS1taklKNGJwTW5nWmxJdmVIY1B6NjVLeDVPc0JlRUFzRTJEYnBKQ1hSMkxYOFdyeDVqTnJwb2hyYTVtc1E3Mw?oc=5,Well Nation
2026-04-27,industry_trend,,3,False,"Run clubs are experiencing rapid growth as a fitness trend, indicating increased consumer interest in community-based, outdoor fitness activities. This trend could represent both an opportunity and challenge for gym-based fitness businesses as people seek social fitness experiences outside traditional gym settings.","Run clubs are exploding right now, here’s why everyone is joining - MSN",https://news.google.com/rss/articles/CBMizwJBVV95cUxObWpnSnBQNjE0Z3JKa1JEU0VpWlBlQkoySGNxNHppVl9zc2pfaklTR01mOEZ0MW9TWVFSR0JLZUJHcm1MQ1hVQmtGNDBfaENwdjBlYzFnUmUxWUNfeTdabFgzMkFybndLS2tNckUwNDZYdUpxUG1uTUNMbllHcUFSOExsWHYzYWMzVThZVm8walRseWJoYWlOb1liekFoc3hyX05uQ3hRbGxOeU16czBZOHA1anV4Z1huNkszSnducWVVdzBhdUFFN0tuWmtiV0JRWE4yWWZQQ1NnbjlpeE1leXA3SEtpcjFlUGFkZ3YtQ2xmVDlxVkU0T0NhYzZnVlBsaFVZT0xfTE93MnVjRTlhZzFJbU4zWGRYZHMwVHIwMHpiVktFelZxUWNfakwybzllMWFwM2g2TERRcDBrRjdPR2E4d2Z6cUhLNFlTd04yNA?oc=5,MSN
2026-04-27,industry_trend,,3,False,"This appears to be an industry article about building connected fitness businesses, likely discussing trends and strategies for fitness technology integration. Without access to the full content, this seems to be general industry commentary rather than specific competitive news. The topic of connected fitness is relevant to gym management software but appears to be educational/trend-focused rather than actionable intelligence.",Building a Connected Fitness Business - Athletech News,https://news.google.com/rss/articles/CBMickFVX3lxTE1lS3h0N0s3eUJDcWdQbHRKay04Y2cxQTVSOVY3SkVjOU5Sb0VIRE44RUphaEZ5R1RteWp5cXdWMzVGWXhFcjB3bzkxMU42WEwydGwzODJMNHZpTVFwRVJvZVVUVlJrSnFGcDZtc1hleVJ5UQ?oc=5,Athletech News
2026-04-27,partnership,Peloton,3,False,"Peloton partnered with Spotify to offer 1,400+ Peloton fitness classes to Spotify Premium subscribers through a new Spotify Fitness feature. This partnership expands Peloton's reach beyond their hardware ecosystem to tap into Spotify's massive subscriber base. While Peloton primarily focuses on at-home fitness rather than gym management, this move shows how fitness content providers are finding new distribution channels.","Peloton & Spotify Announce Global Partnership for Spotify Fitness: 1,400+ Peloton Classes Available to Spotify Premium Subscribers - Peloton Buddy",https://news.google.com/rss/articles/CBMib0FVX3lxTFBmNzlTcmJGelhTYy10T0QwaGpQNnl3TTFFT0tMTE4wb0l4TlExUE9MNWE0WE01eGF6V0JaMVBnV0RZQ2RVb2Zld1hza1RqVkFHWEVrdFRuZnhMVEZLNUk4aFpRWnptZG90cjA2M0E0Zw?oc=5,Peloton Buddy
2026-04-27,industry_trend,,3,False,"This appears to be a general industry analysis about trends in health and wellness businesses. Without access to the full article content, it likely covers broad market shifts affecting fitness and wellness companies. Such trend analysis is worth monitoring to understand the evolving landscape that affects TeamBuildr's target market of independent gyms.",Key Shifts Shaping the Future of Health and Wellness Businesses - nerdbot,https://news.google.com/rss/articles/CBMimwFBVV95cUxOdDlhaXEtVW5KM29GNU15SUFjd19KVG9UTmFxTWtfbHJYTzNHUnlzRGNXcjhvNkp6ZUJxYjVNdGc4Wnp4aW0yaXIyeGVQd3BvU3BmU1A2Z0hGZHltUFpFU09LRDRKT2ppUTc0UHpVZEkzVFhYMVpqbVZQTGNHQXB4Rk02Y2E0ak9ua09sNXE5LTVVYUJZVUtjSEdfSQ?oc=5,nerdbot
2026-04-27,industry_trend,,3,False,New data challenges the common belief that gym memberships drop significantly in February after New Year's resolution enthusiasm wanes. This industry trend data could help gym owners better understand member retention patterns and adjust their retention strategies accordingly.,New Data Challenges the February Gym Dropout Myth - Athletech News,https://news.google.com/rss/articles/CBMiggFBVV95cUxQbHVnX2dFd0pFQVc1dW5nVmpwd3h6aHE3WWR0RWlybXM0Q1NsMVB3eHBSblFySHcycVJZSDZVNjBzVVRKUnBEcWgzRWFCa2E1eGVYNUV5OHNhQU5qMk5tMUZQck14VC0zdVhnMFlDdjB5c1Mta1FUdnoxc19SRGF3NXJB?oc=5,Athletech News
2026-04-27,industry_trend,,3,False,"Peloton is using gamified challenges to increase user engagement and retention in their fitness platform. While Peloton primarily serves home fitness users rather than gym members, their gamification strategies demonstrate proven methods for increasing member engagement that could be applicable to gym management software. This represents an industry trend toward using game-like elements to drive fitness participation and loyalty.",Peloton’s gamified challenges boost engagement and retention - MSN,https://news.google.com/rss/articles/CBMisAFBVV95cUxPNHViMHV4cFZkdDByV2xkblRHOVgzSmNNdEtUVW83U0hUb000Znctc3JZMV9hcXN5cUl1bE41aGxsQ1JqWllPWkpNQnZCVm1CZXBwSG1UZkx2bDNIU2lQYjhSelA4TGhwOEZyY0ZjOXJjeXpBQzk5MVp6cnV4c1BKMF9WWjNIbkpLOE96VXVhczBxMzBlWEtWSWNhRzFNVTdfRGlWcXVkdzlsR2RmNUtpbw?oc=5,MSN
2026-04-27,industry_trend,,3,False,"Business Insider article highlights a CEO and mother of 7 who achieved fitness results through sprint workouts requiring less gym time. This reinforces the growing trend of time-efficient, high-intensity training methods that busy professionals and parents are seeking.",A CEO and busy mom of 7 said sprint workouts helped her get fitter than ever with less time in the gym - Business Insider,https://news.google.com/rss/articles/CBMiowFBVV95cUxOYzlDS3doLWVDcE1ocU1QTmRjaVoxQXVlTTdyc1Mxemg2ZGpzZWRQdGxKdDJITGtSS0hEcHd5S3h4NHRKdXF2SjNWQjduRk0zeVpnZE5ycFF0a3N5WDB3X29pUk1HVk91a2tnUnFqMWgxVjNBNUlPUzZTRFFvLVhUaGhBYjFUeTNoNjlMdWQ5OXNGOEZaSGU0TDRJTl9hUUpOMUVv?oc=5,Business Insider
2026-04-27,industry_trend,Keep Inc.,3,False,"Keep Inc.'s 2025 annual report highlights their strategic transformation into an AI-driven fitness platform, indicating broader industry trends toward AI integration in fitness technology. While Keep Inc. primarily operates in the consumer fitness app space rather than B2B gym management software, their AI developments may signal features that could eventually migrate to B2B platforms like TeamBuildr OS.","Keep Inc. 2025 Annual Report: AI-Driven Fitness Platform, Strategic Transformation, Financial Performance, and Risk Analysis - Minichart",https://news.google.com/rss/articles/CBMi8gFBVV95cUxPOW92ZkloNzRMZjV6S2ZlSFRVeFdlMGwzOVB0YVRYeHo1bEtaSll4YzBHSzJfbkIzZmJwVG1FZTBsRnVLN25uWEZPTUxPZHdwUFl6YUFpNXRQV01FdlFkTVBuWndxTW9UUW5peDZaVG1FQkx5Vk56OXhSbEhYbUQ1UXhBSlpLOHdreThvbkVIX3l2dlBQMlVyUmpKNGpPMmdDY2dFQW1KTU4ydHhwY0VVdUItWHJoM2VmS05rMVlobVJIZDljZzlkSk1pb1ZfeHQ5blQ3OHYxTGNURWR3Y0tmVE9vQlZ4QjltajhsQnBYMzhQZw?oc=5,Minichart
2026-04-27,industry_trend,,3,False,"This appears to be a general industry article about how innovation and community are changing fitness engagement. Without access to the full content, it likely discusses broader trends in fitness technology and community-building that affect the gym software market. This type of industry analysis is worth monitoring for insights into member engagement strategies.",How Innovation and Community Are Transforming Fitness Engagement - Programming Insider,https://news.google.com/rss/articles/CBMinAFBVV95cUxObGd3Y0ZVVWlGTUstcHJaUThYcXZjS1NNeTdDeUI3WXBSNzgzRHZNOHpCaVRReE15ckR6cnNGWEpUUC1odFNXa0E1cGtjVzhyWW1ONjMxNTI4ZVNpdE9YbFczekJrMG1lOENZVmlWdm1HbmRNSmZiajJTeExCbUtwajhEX0lNZUZTZXY2WUpBWktMNllBdWFhdVFOV0g?oc=5,Programming Insider
2026-04-27,feature_launch,Hotworx,3,False,"Hotworx launched an AI-powered personal training app, joining other fitness companies adopting AI technology for personalized training experiences. This represents a broader industry trend toward AI integration in fitness software, though Hotworx primarily operates franchise-based infrared fitness studios rather than directly competing with TeamBuildr's gym management focus.","Hotworx Unveils AI-Powered Personal Training App, Joining Early Adopters - Athletech News",https://news.google.com/rss/articles/CBMidkFVX3lxTE5ldE5HZTJkTGFYTlBsdDRCYUxTbm5ESURHTS1UQUFyd2cxb2hEeVpCVEpMWEc2bmJJd3JENElmNXktN1VQUXdQQUhiMldRRW9oTUNwemhMNVhnamg1Nl8tNDRjNXU1OFFBaG5aS3VnWVpBcXltQ1E?oc=5,Athletech News
2026-04-27,industry_trend,ABC Fitness,4,False,"ABC Fitness published analysis showing fitness operators lose approximately 33% of their member base annually, highlighting member retention as a critical growth lever amid rising acquisition costs and tighter margins. This reinforces the importance of retention-focused features in gym management software, which is core to TeamBuildr's value proposition for independent gym owners.",Why Gym Member Retention Is the Most Overlooked Growth Lever,https://abcfitness.com/abc-articles/gym-member-retention-strategy/,ABC Fitness
2026-04-27,industry_trend,ABC Fitness,4,True,"ABC Fitness is highlighting a major industry shift where Visa and other payment processors are making it easier for consumers to cancel subscriptions, ending the era where gyms could rely on billing friction to retain members. This trend directly impacts retention strategies for all gym management software platforms including TeamBuildr OS, as gyms will need better engagement and value delivery rather than relying on cancellation difficulty.",The Era of Billing Inertia Is Ending. What Fitness Operators Need to Do Right Now.,https://abcfitness.com/abc-articles/the-era-of-billing-inertia-is-ending/,ABC Fitness
2026-04-27,industry_trend,ABC Fitness,3,False,"ABC Fitness published educational content focusing on gym revenue collection and payment optimization rather than just top-line revenue tracking. This appears to be part of their 'Built for Operators' content series targeting gym economics education. While this is educational content rather than a product announcement, it demonstrates ABC Fitness positioning themselves as thought leaders in gym financial management.",Stop Thinking About Revenue. Start Thinking About What You’re Actually Collecting.,https://abcfitness.com/abc-articles/built-for-operators-the-gym-economics-series_post_4_fitness_revenue_levers/,ABC Fitness
2026-04-27,industry_trend,ABC Fitness,4,True,"ABC Fitness published content about private equity's role in the fitness industry, discussing how PE firms are consolidating gym ownership while individual owners face financial pressures. This reflects the broader trend of industry consolidation that could impact TeamBuildr's target market of independent, owner-operated gyms.",You’re Playing Checkers. Private Equity Is Playing Chess. Here’s What’s Actually Happening.,https://abcfitness.com/abc-articles/built-for-operators-the-gym-economics-series_post_3_fitness_and_private_equity/,ABC Fitness
2026-04-27,industry_trend,ABC Fitness,4,True,ABC Fitness published an industry analysis highlighting a major shift in consumer behavior where new gym members are joining for healthcare/wellness reasons rather than traditional fitness goals. This represents a fundamental change in how gyms should position their services and value propositions to attract and retain members.,They’re Not Joining Your Gym for a New Year’s Resolution: They’re Joining Because Fitness Is Their Healthcare,https://abcfitness.com/abc-articles/built-for-operators-the-gym-economics-series_post_2_fitness_as_healthcare/,ABC Fitness
2026-04-27,industry_trend,ABC Fitness,4,True,"ABC Fitness published an analysis of the K-shaped economy's impact on gyms, explaining how economic conditions are creating divergent outcomes for different gym segments. This type of thought leadership content positions ABC Fitness as an industry expert while providing valuable insights to gym operators about economic trends affecting their businesses.",Built for Operators: The Gym Economics Series: The K-Shaped Economy Is Real — And It’s Already Reshaping Your Gym,https://abcfitness.com/abc-articles/built-for-operators-the-gym-economics-series_post_1_the-k-shaped-economy/,ABC Fitness
2026-04-27,industry_trend,ABC Fitness,4,True,"ABC Fitness released their Wellness Watch Industry Insights Report focusing on member retention patterns and operational strategies for 2026. The report emphasizes retention-driven business models over acquisition, highlighting key behavioral signals that influence revenue growth across fitness businesses. This directly affects TeamBuildr's ICP as retention and member engagement are core challenges for independent gym owners.",Wellness Watch: What Member Behavior Signals for Fitness in 2026,https://abcfitness.com/abc-articles/wellness-watch-year-end-review-2025/,ABC Fitness
2026-04-27,industry_trend,ABC Fitness,3,False,"ABC Fitness published content about member retention strategies through communication cadences, targeting enterprise gyms. This is educational content marketing rather than a product announcement, but shows ABC's focus on retention tools which compete with TeamBuildr's member engagement features.",How Enterprise Gyms Cut Attrition with Smart Member Communication Cadences,https://abcfitness.com/abc-articles/gym-member-communication/,ABC Fitness
2026-04-27,feature_launch,ABC Fitness,4,True,ABC Fitness launched a collections ROI calculator tool to help gyms understand revenue recovery from missed payments. They claim their automated billing system already collects 2-3% more revenue on average by intelligently retrying failed payments. This directly competes with payment processing and billing features that are core to gym management platforms like TeamBuildr OS.,How a Collections ROI Calculator Can Boost Your Bottom Line,https://abcfitness.com/abc-articles/collections-roi-calculator-for-gyms/,ABC Fitness
2026-04-27,pricing_change,Gymdesk,4,True,"Gymdesk published a comprehensive pricing comparison of 11 gym management platforms for 2026, including direct competitors like PushPress, Zen Planner, Wodify, and others. This pricing transparency effort positions Gymdesk as a thought leader while potentially influencing market pricing expectations and customer decision-making.",How Much Does Gym Management Software Cost in 2026? | Gymdesk,https://gymdesk.com/blog/gym-management-software-cost,Gymdesk
2026-04-27,industry_trend,Gymdesk,4,True,"Gymdesk published a case study showing how East Austin Jiu-Jitsu Parlor successfully pre-sold memberships before opening, filling their gym capacity before launch day. This demonstrates Gymdesk's focus on providing marketing and pre-sales guidance to independent gym owners, positioning themselves as more than just software but as business growth partners.",They Filled Their Gym Before It Opened. Here's the Playbook. | Gymdesk,https://gymdesk.com/blog/east-austin-jiu-jitsu-parlor-as-voltron,Gymdesk
2026-04-27,industry_trend,Mindbody,4,True,"Gymdesk is publishing content criticizing Mindbody's pricing structure and hidden fees, highlighting costs of $200-500+ per month and positioning themselves as a more transparent alternative. This represents competitive content marketing targeting Mindbody's pricing pain points, which could influence gym owners' software purchasing decisions.",Is Mindbody Worth It? Let's Explore the Real Costs & Hidden Fees | Gymdesk,https://gymdesk.com/blog/is-mindbody-worth-it,Gymdesk
2026-04-27,industry_trend,Gymdesk,3,False,"Gymdesk published a case study about community building at Renzo Gracie Niagara, highlighting how martial arts gyms can foster strong member relationships beyond just training. The article provides practical strategies for gym owners to build community-first cultures that increase retention and member engagement.","Build a BJJ Family, Not a Fight Team: A Community-First Blueprint | Gymdesk",https://gymdesk.com/blog/renzo-gracie-niagara-community-first-bjj,Gymdesk
2026-04-27,industry_trend,Gymdesk,3,False,"Gymdesk published a strategic guide on recession-proofing martial arts gyms, featuring pricing, retention, and revenue strategies from 50+ gym owners. This content marketing piece positions Gymdesk as a thought leader while providing valuable insights to their target market of martial arts and fitness businesses.",Recession-Proofing Your Martial Arts Gym in 2026: What Actually Works | Gymdesk,https://gymdesk.com/blog/recession-proof-martial-arts-gym,Gymdesk
2026-04-27,feature_launch,Zen Planner,4,True,"Zen Planner is promoting their automated billing and member tracking features specifically targeting CrossFit gym owners, emphasizing how their software helps coaches focus more on programming by handling administrative tasks. This is a direct competitive positioning against TeamBuildr's core value proposition of streamlining gym operations for owner-operators.",Spend more time coaching with automated billing and member tracking,https://zenplanner.com/blogs/spend-more-time-coaching-with-automated-billing-and-member-tracking/,Zen Planner
2026-04-27,industry_trend,Zen Planner,4,True,"Zen Planner is promoting the integration of medical wellness programs (GLP-1 weight management, hormone therapy, recovery programs) into functional fitness gyms and boutique studios. This represents a significant industry trend toward medically-supported fitness programs that could become table stakes for gym management platforms serving boutique fitness studios.",Turn efforts into better results with boutique fitness studio wellness programs,https://zenplanner.com/blogs/functional-fitness-medical-wellness-program/,Zen Planner
2026-04-27,industry_trend,Zen Planner,3,False,"Zen Planner published content about optimizing free trial offers for martial arts studios, focusing on conversion strategies for BJJ, Muay Thai, and MMA gyms. This represents their content marketing approach to establish thought leadership in the martial arts gym segment and demonstrates their focus on helping gyms improve member acquisition strategies.","Best free trial offers for martial arts studios: what converts for BJJ, Muay Thai, and MMA in 2026",https://zenplanner.com/blogs/best-free-trial-offers-for-martial-arts-studios-what-converts-for-bjj-muay-thai-and-mma-in-2026/,Zen Planner
2026-04-27,feature_launch,Zen Planner,4,True,Zen Planner published content promoting their attendance tracking and churn prediction capabilities specifically for martial arts gyms. They're positioning attendance data as a key retention tool to identify at-risk members before they cancel. This directly competes with TeamBuildr's retention and analytics features for similar gym types.,"Client retention strategies for BJJ, MMA, or Muay Thai gyms: using attendance data to prevent member churn",https://zenplanner.com/blogs/client-retention-strategies-for-bjj-mma-or-muay-thai-gyms-using-attendance-data-to-prevent-member-churn/,Zen Planner
2026-04-27,industry_trend,Zen Planner,4,True,Zen Planner is discussing how boutique fitness studios can integrate with medical wellness programs like GLP-1 weight management and hormone therapy as starting points for member health journeys. This represents a significant industry trend toward medically-integrated fitness programs that could affect how independent gyms position their services and potentially require new software capabilities to track medical partnerships and outcomes.,Your studio is where health journeys succeed,https://zenplanner.com/blogs/boutique-fitness-studio-medical-wellness-program/,Zen Planner
2026-04-27,feature_launch,Zen Planner,4,True,"Zen Planner published content about systematizing martial arts curriculum while maintaining flexibility, addressing instructor consistency and student progression challenges. This indicates they're positioning their platform to handle curriculum management and standardization features for martial arts schools, which directly competes with TeamBuildr's coaching and program management capabilities.",How to systemize your martial arts curriculum without losing flexibility,https://zenplanner.com/blogs/how-to-systemize-your-martial-arts-curriculum-without-losing-flexibility/,Zen Planner
2026-04-27,industry_trend,ClubOS,3,False,"ClubOS published a guide to top gym management software providers, positioning themselves as a thought leader while likely featuring their own solution alongside competitors. This type of content marketing helps establish authority in the space and potentially drives leads to their platform.",A Guide to The Top Gym Management Software Providers,https://www.club-os.com/blog/best-gym-management-software-providers,ClubOS
2026-04-27,industry_trend,ClubOS,3,False,"ClubOS published educational content about leveraging data analytics for gym operations, featuring insights from Anytime Fitness. This represents ClubOS positioning itself as a thought leader in gym data analytics and operations optimization. While educational content, it demonstrates ClubOS's focus on data-driven gym management solutions that could compete with TeamBuildr's analytics capabilities.",5 Ways to Leverage Data Analytics to Improve Gym Operations: Insights from Anytime Fitness,https://www.club-os.com/blog/leverage-data-analytics,ClubOS
2026-04-27,industry_trend,ClubOS,3,False,"ClubOS published a blog post about gym membership pricing strategies, noting the average gym membership cost in 2021 was $37.71. The content focuses on helping gym owners develop pricing strategies based on their offerings, location, and target demographics.",5 Gym Membership Pricing Tips,https://www.club-os.com/blog/5-gym-membership-pricing-tips,ClubOS
2026-04-27,industry_trend,Club OS,3,False,Club OS published a Q&A article featuring gym owner Al Noshirvani discussing advice for opening a gym and choosing the right software. This appears to be content marketing from Club OS to establish thought leadership and guide potential customers in their software selection process.,Q&A with Al Noshirvani: Advice on Opening a Gym & Choosing the Right Software,https://www.club-os.com/blog/qa-with-al-noshirvani-advice-on-opening-a-gym-choosing-the-right-software,ClubOS
2026-04-27,industry_trend,GymMaster,4,True,"GymMaster published content about gym onboarding processes to improve member retention, highlighting that 50% of new gym members cancel within 6 months. This content marketing focuses on a key pain point for TeamBuildr's target market of independent gym owners who struggle with member retention and need better onboarding workflows.",Gym Onboarding Process to Boost Member Retention,https://www.gymmaster.com/blog/gym-onboarding-process-to-boost-member-retention/,GymMaster
2026-04-27,industry_trend,GymMaster,4,True,"GymMaster published a guide on AI-powered personalized fitness for gym owners, positioning themselves as thought leaders in the AI fitness space. This signals that AI personalization is becoming a competitive battleground in gym management software, moving from luxury to necessity for independent gyms.",AI Personalised Fitness for Gyms: Owner Guide,https://www.gymmaster.com/blog/ai-personalised-fitness-for-gyms/,GymMaster
2026-04-27,industry_trend,GymMaster,3,False,"GymMaster published a guide on data privacy and security for gym owners, addressing the growing importance of protecting member data as fitness technology proliferates. This represents thought leadership content rather than a product announcement, but highlights data security as a key concern for gym management software buyers.",Gym Data Privacy and Security Guide for Gym Owners,https://www.gymmaster.com/blog/gym-data-privacy-and-security-guide-for-gym-owners/,GymMaster
2026-04-27,industry_trend,GymMaster,3,False,"GymMaster published a blog post outlining 10 strategies for building gym community, emphasizing that members with gym friendships are 40% less likely to cancel. This is educational content marketing that positions GymMaster as a thought leader in gym management best practices.","Build a Strong Gym Community, 10 Proven Strategies",https://www.gymmaster.com/blog/strategies-to-build-strong-gym-sommunity/,GymMaster
2026-04-27,industry_trend,GymMaster,3,False,"GymMaster published a guide on gym membership pricing strategies to maximize profit and retention. This is educational content marketing rather than a product announcement, but it positions GymMaster as a thought leader in gym business optimization.",Gym Membership Pricing Strategies for Profit,https://www.gymmaster.com/blog/gym-membership-pricing-strategies-for-profit/,GymMaster
2026-04-27,feature_launch,TeamUp,5,True,"TeamUp launched an AI Business Advisor feature that provides monthly AI-driven reports analyzing gym performance data to surface key trends, risks, and opportunities. This directly competes with TeamBuildr OS's analytics and business intelligence capabilities for fitness studios and gyms.",Make smart data decisions with TeamUp AI Business Advisor,https://goteamup.com/resources/make-smart-data-decisions-with-teamup-ai-business-advisor,TeamUp
2026-04-27,industry_trend,TeamUp,3,False,TeamUp published a 2026 Group Fitness Industry Trend Report based on analysis of 34 million bookings processed through their platform in 2025. The report provides insights for fitness providers to optimize their offerings and increase signups. This is competitive intelligence gathering and thought leadership positioning by TeamUp in the group fitness space.,Introducing: The 2026 Group Fitness Industry Trend Report,https://goteamup.com/resources/introducing-the-2026-group-fitness-industry-trend-report,TeamUp
2026-04-27,feature_launch,TeamUp,4,True,"TeamUp launched a membership sharing feature that allows families to share a single membership or pack across multiple family members, with shared credits and benefits. This feature is customizable, letting gym owners choose which membership tiers can be shared and which cannot.",Increase retention and loyalty with membership sharing,https://goteamup.com/resources/increase-retention-and-loyalty-with-membership-sharing,TeamUp
2026-04-27,feature_launch,TeamUp,4,True,"TeamUp launched a new Member Booking App that allows gym members to book classes, manage memberships, and join waitlists through a mobile-optimized interface. This directly competes with member-facing functionality that TeamBuildr OS likely offers or plans to offer, as mobile booking is critical for member engagement in the fitness industry.",Your members can do so much more with the new TeamUp Member Booking App,https://goteamup.com/resources/your-members-can-do-so-much-more-with-the-new-teamup-member-booking-app,TeamUp
2026-04-27,industry_trend,TeamUp,3,False,"TeamUp published a blog post providing Black Friday marketing strategies for fitness studios and gyms, highlighting their discount and gift card features as tools to help gym owners capitalize on holiday shopping periods. This is standard content marketing from a competitor promoting their existing features rather than announcing new capabilities.",Black Friday marketing strategies for fitness studios and gyms,https://goteamup.com/resources/black-friday-marketing-strategies-for-fitness-studios-and-gyms,TeamUp
2026-04-27,feature_launch,TeamUp,4,True,"TeamUp launched a gift card feature that allows fitness studios and gyms to offer customizable gift cards through their platform and POS system. This feature targets revenue growth and customer acquisition, with research showing 61% of consumers spend more than the gift card value when redeeming.",Attract new customers & increase revenue with gift cards,https://goteamup.com/resources/attract-new-customers-increase-revenue-with-gift-cards,TeamUp
2026-04-27,partnership,TeamUp,4,True,"TeamUp announced an integration with Wellhub (formerly Gympass) that allows fitness venues to sync their classes and locations to Wellhub's corporate wellness platform. This partnership gives TeamUp customers access to a new revenue stream through corporate wellness clients, potentially making TeamUp more attractive to gym owners who want to tap into the B2B wellness market.",Tap into a new audience by offering your classes on Wellhub,https://goteamup.com/resources/new-gympass-integration,TeamUp
2026-04-27,feature_launch,TeamUp,4,True,"TeamUp launched a one-time joining fee feature for new members, positioning it as a way to increase revenue, offset customer acquisition costs, and improve retention through psychological commitment. This directly competes with TeamBuildr's membership management capabilities and addresses a common pain point for gym owners around member onboarding economics.",Increase revenue and retention with new member joining fees,https://goteamup.com/resources/increase-revenue-and-retention-with-new-member-joining-fees,TeamUp
2026-04-27,feature_launch,TeamUp,4,True,TeamUp launched 2-way calendar sync with Google Calendar to prevent double booking and appointment conflicts. This feature allows fitness professionals to sync personal and work calendars for more accurate booking experiences and reduced scheduling errors.,Say goodbye to double booking and appointment conflicts with 2-Way Calendar Sync,https://goteamup.com/resources/say-goodbye-to-double-booking-and-conflicts-with-2-way-calendar-sync,TeamUp
2026-04-27,feature_launch,TeamUp,4,True,"TeamUp is promoting their custom branded app feature for fitness studios, allowing gym owners to create mobile apps without coding for bookings, on-demand content, and customer engagement. This directly competes with mobile app capabilities that TeamBuildr OS may offer or should consider offering to their independent gym clients.",How to maximize the impact of your studio’s custom branded app,https://goteamup.com/resources/how-to-maximize-the-impact-of-your-studios-custom-branded-app,TeamUp
